attack,attacker_seed,identity_cosine_similarity,knowledge,lpips,mae,mse,path,psnr,ssim,target_seed
decoder,10125,0.35339289118536893,training,0.32566476108385295,0.11798822666213678,0.026567775054603116,results/dual_path_publication/attacks/target_seed126/attacker_seed10125/decoder_training/attack_metrics.json,16.532818113075503,0.5426849705491877,126
decoder,20125,0.3479384671995522,training,0.32307271521075875,0.11945356481215534,0.02682657318819216,results/dual_path_publication/attacks/target_seed126/attacker_seed20125/decoder_training/attack_metrics.json,16.523549911692616,0.5356594709009905,126
decoder,30125,0.3754970452273089,training,0.2972739272830762,0.11787285956911105,0.027111757704497575,results/dual_path_publication/attacks/target_seed126/attacker_seed30125/decoder_training/attack_metrics.json,16.500473450716072,0.5508948115283184,126
decoder,10125,0.09189316894202344,inference,0.5256756201810888,0.14786981343305322,0.03669957842984688,results/dual_path_publication/attacks/target_seed126/attacker_seed10125/decoder_inference/attack_metrics.json,14.919376646398673,0.45404092085370656,126
decoder,20125,0.08021550916359,inference,0.5345674475125848,0.1495749845791083,0.036675448046912584,results/dual_path_publication/attacks/target_seed126/attacker_seed20125/decoder_inference/attack_metrics.json,14.906908559468823,0.4475812493515896,126
decoder,30125,0.041509570297229466,inference,0.5741471488077518,0.15160968213745776,0.037789528327689344,results/dual_path_publication/attacks/target_seed126/attacker_seed30125/decoder_inference/attack_metrics.json,14.751080872004907,0.44074810753426613,126
gan,10125,0.19003854683388752,training,0.33032932772814244,0.12979778053667948,0.03041331886282704,results/dual_path_publication/attacks/target_seed126/attacker_seed10125/gan_training/attack_metrics.json,15.78416829239355,0.4606101623089302,126
gan,20125,0.27361953923079835,training,0.2670439952247558,0.1248059112537095,0.029503450463341546,results/dual_path_publication/attacks/target_seed126/attacker_seed20125/gan_training/attack_metrics.json,16.001028262867646,0.49764490065231826,126
gan,30125,0.19554092894146782,training,0.3815439613632677,0.13373826308142264,0.03298983359419352,results/dual_path_publication/attacks/target_seed126/attacker_seed30125/gan_training/attack_metrics.json,15.377331679071752,0.44273881981896235,126
gan,10125,0.08358738438912407,inference,0.45524713458970845,0.1567212736909439,0.04157021194352289,results/dual_path_publication/attacks/target_seed126/attacker_seed10125/gan_inference/attack_metrics.json,14.367140513736528,0.4170366423785274,126
gan,20125,0.08256776118113317,inference,0.5174395096494749,0.15788602792271475,0.04179142033530714,results/dual_path_publication/attacks/target_seed126/attacker_seed20125/gan_inference/attack_metrics.json,14.257288697134817,0.3889517545516534,126
gan,30125,0.06202250943907047,inference,0.5416280615779415,0.15402934402571541,0.039861693760355775,results/dual_path_publication/attacks/target_seed126/attacker_seed30125/gan_inference/attack_metrics.json,14.51083258907092,0.41538005356058144,126
adaptive,10125,0.3084767108053393,training,0.37166117045201963,0.11833041908648416,0.026493127618281487,results/dual_path_publication/attacks/target_seed126/attacker_seed10125/adaptive_training/attack_metrics.json,16.510685512332998,0.5296948589484813,126
adaptive,10125,0.08479343587568487,inference,0.5292226425769972,0.1498419664014386,0.037896684906499216,results/dual_path_publication/attacks/target_seed126/attacker_seed10125/adaptive_inference/attack_metrics.json,14.787338667965743,0.45003026150298914,126
decoder,10125,0.3417555026208745,training,0.3416221721316246,0.11731468928130669,0.026346212128225268,results/dual_path_publication/attacks/target_seed127/attacker_seed10125/decoder_training/attack_metrics.json,16.540242841545318,0.539209461908806,127
decoder,20125,0.3103761296783764,training,0.37376321912132654,0.11787261801561637,0.02595444594562535,results/dual_path_publication/attacks/target_seed127/attacker_seed20125/decoder_training/attack_metrics.json,16.578402575031237,0.5316223613851944,127
decoder,30125,0.27660732657943304,training,0.40171975059171955,0.12095734238028755,0.026793134565401056,results/dual_path_publication/attacks/target_seed127/attacker_seed30125/decoder_training/attack_metrics.json,16.390100674920703,0.5192074826661095,127
decoder,10125,0.09311775137040136,inference,0.510333266049004,0.1493813350991711,0.036911591463037595,results/dual_path_publication/attacks/target_seed127/attacker_seed10125/decoder_inference/attack_metrics.json,14.820026635573036,0.4563897994043646,127
decoder,20125,0.08531730922026483,inference,0.5207888608349571,0.14900348918817885,0.036680028106360556,results/dual_path_publication/attacks/target_seed127/attacker_seed20125/decoder_inference/attack_metrics.json,14.834379623448326,0.4556977857159504,127
decoder,30125,0.0504698191724253,inference,0.5770129643558447,0.1531325421762797,0.03800255743882764,results/dual_path_publication/attacks/target_seed127/attacker_seed30125/decoder_inference/attack_metrics.json,14.685888371162912,0.4350071144250836,127
gan,10125,0.2865379823349568,training,0.31192026163971637,0.1266914417541105,0.02915735402413397,results/dual_path_publication/attacks/target_seed127/attacker_seed10125/gan_training/attack_metrics.json,16.007729317600198,0.48619535945553544,127
gan,20125,0.1683392475953885,training,0.4144777197509672,0.1335934584345189,0.03221148879928618,results/dual_path_publication/attacks/target_seed127/attacker_seed20125/gan_training/attack_metrics.json,15.523923509737841,0.47614228961010346,127
gan,30125,0.22052925282925287,training,0.44615636911359213,0.13110183751019366,0.0316057323996996,results/dual_path_publication/attacks/target_seed127/attacker_seed30125/gan_training/attack_metrics.json,15.611405713097126,0.47671349220026554,127
gan,10125,0.06416146070613964,inference,0.5271251405359141,0.15316207304287177,0.03929810527657618,results/dual_path_publication/attacks/target_seed127/attacker_seed10125/gan_inference/attack_metrics.json,14.518730979960546,0.4035533643668206,127
gan,20125,0.09707204041983919,inference,0.4487050550547446,0.15595236404571652,0.04164906517187387,results/dual_path_publication/attacks/target_seed127/attacker_seed20125/gan_inference/attack_metrics.json,14.287907201753754,0.40959845257319333,127
gan,30125,0.08524497680429131,inference,0.497344077964119,0.15739880826860506,0.041224862539924224,results/dual_path_publication/attacks/target_seed127/attacker_seed30125/gan_inference/attack_metrics.json,14.291470639975463,0.4115886908480532,127
adaptive,10125,0.3373276795207973,training,0.3391350910050372,0.11935643669459876,0.026789848220572936,results/dual_path_publication/attacks/target_seed127/attacker_seed10125/adaptive_training/attack_metrics.json,16.483269486946128,0.534516509575644,127
adaptive,10125,0.04931189446746615,inference,0.592433914760152,0.15461537432358574,0.03753697789568824,results/dual_path_publication/attacks/target_seed127/attacker_seed10125/adaptive_inference/attack_metrics.json,14.726665305944477,0.4315611829750348,127
decoder,10125,0.2983588553446616,training,0.3814472883401216,0.1196730319283092,0.026280851411801125,results/dual_path_publication/attacks/target_seed128/attacker_seed10125/decoder_training/attack_metrics.json,16.463939425341213,0.5234598097458384,128
decoder,20125,0.3732708184089353,training,0.31409464788088565,0.11641559182841336,0.026065455909327146,results/dual_path_publication/attacks/target_seed128/attacker_seed20125/decoder_training/attack_metrics.json,16.640171899029223,0.5476159928441735,128
decoder,30125,0.38711831145266395,training,0.2981648516627469,0.11825913763284591,0.026792444150661426,results/dual_path_publication/attacks/target_seed128/attacker_seed30125/decoder_training/attack_metrics.json,16.53813232515739,0.5480076597361141,128
decoder,10125,0.07572325823213433,inference,0.5294834750720957,0.14898840512928366,0.03635416625553686,results/dual_path_publication/attacks/target_seed128/attacker_seed10125/decoder_inference/attack_metrics.json,14.89207913088193,0.4520351653653351,128
decoder,20125,0.09390886055679852,inference,0.513539661527873,0.1480295226792357,0.03644241747074259,results/dual_path_publication/attacks/target_seed128/attacker_seed20125/decoder_inference/attack_metrics.json,14.881762638928985,0.45012804579055704,128
decoder,30125,0.05846204823764863,inference,0.5354953851031744,0.1510428736263096,0.03740492630592211,results/dual_path_publication/attacks/target_seed128/attacker_seed30125/decoder_inference/attack_metrics.json,14.774170297765108,0.4460777417800352,128
gan,10125,0.23930675883514976,training,0.35612607704406063,0.13066917589562346,0.03207671390226922,results/dual_path_publication/attacks/target_seed128/attacker_seed10125/gan_training/attack_metrics.json,15.523414878742551,0.47063683931848627,128
gan,20125,0.196347302558192,training,0.2803550564752364,0.1260261325916846,0.030760086833949457,results/dual_path_publication/attacks/target_seed128/attacker_seed20125/gan_training/attack_metrics.json,15.833021779483852,0.47308066667661625,128
gan,30125,0.23355425167707056,training,0.3533536201896506,0.13062337400912322,0.030881962781683935,results/dual_path_publication/attacks/target_seed128/attacker_seed30125/gan_training/attack_metrics.json,15.74825928954609,0.47719971313241905,128
gan,10125,0.07508209175656078,inference,0.5635230612809884,0.15454181439147904,0.038419209965565644,results/dual_path_publication/attacks/target_seed128/attacker_seed10125/gan_inference/attack_metrics.json,14.57747433422344,0.4246991974652226,128
gan,20125,0.06817506844489,inference,0.5180194023666793,0.15257247325729825,0.03882743176173209,results/dual_path_publication/attacks/target_seed128/attacker_seed20125/gan_inference/attack_metrics.json,14.574270810779927,0.4178657267440549,128
gan,30125,0.05826975768855024,inference,0.5522180194575755,0.1613835458850934,0.04198550480526168,results/dual_path_publication/attacks/target_seed128/attacker_seed30125/gan_inference/attack_metrics.json,14.22102131597623,0.3956890326449282,128
adaptive,10125,0.3653823283487721,training,0.3202749115189696,0.1187580715826226,0.02717465756719546,results/dual_path_publication/attacks/target_seed128/attacker_seed10125/adaptive_training/attack_metrics.json,16.4774146925161,0.5444316308161975,128
adaptive,10125,0.07228080376558253,inference,0.5535254063653983,0.15202754125675852,0.03727790334758802,results/dual_path_publication/attacks/target_seed128/attacker_seed10125/adaptive_inference/attack_metrics.json,14.760743503115378,0.4408350262484062,128
decoder,10125,0.2851776058515279,training,0.38413767391147635,0.12016638668167368,0.026442487732074388,results/dual_path_publication/attacks/target_seed129/attacker_seed10125/decoder_training/attack_metrics.json,16.448742070357554,0.5209874869951235,129
decoder,20125,0.3423452809241037,training,0.336869275226175,0.11774759992917012,0.026340684630420746,results/dual_path_publication/attacks/target_seed129/attacker_seed20125/decoder_training/attack_metrics.json,16.569287447285898,0.5355444028532447,129
decoder,30125,0.3221214913350259,training,0.35101220975331,0.11958976769071504,0.026953881742953337,results/dual_path_publication/attacks/target_seed129/attacker_seed30125/decoder_training/attack_metrics.json,16.442444894241394,0.5337014461929456,129
decoder,10125,0.05988922515587223,inference,0.5587024174808447,0.15001983583845296,0.03667755472008497,results/dual_path_publication/attacks/target_seed129/attacker_seed10125/decoder_inference/attack_metrics.json,14.816779508877019,0.4453881596307556,129
decoder,20125,0.06412645593985307,inference,0.5507652100643073,0.14939848068037612,0.03671608382321211,results/dual_path_publication/attacks/target_seed129/attacker_seed20125/decoder_inference/attack_metrics.json,14.787508758239511,0.4498173315035003,129
decoder,30125,0.03904142812915359,inference,0.5749290413449047,0.15303649197549798,0.03776096471738045,results/dual_path_publication/attacks/target_seed129/attacker_seed30125/decoder_inference/attack_metrics.json,14.676402596348153,0.43727204026948313,129
gan,10125,0.09019704574532161,training,0.5317218086802927,0.13544847429004922,0.031990927029279324,results/dual_path_publication/attacks/target_seed129/attacker_seed10125/gan_training/attack_metrics.json,15.485118441524895,0.4227173731538801,129
gan,20125,0.3048522315635813,training,0.3502439464435629,0.12038864640261933,0.027359653885022622,results/dual_path_publication/attacks/target_seed129/attacker_seed20125/gan_training/attack_metrics.json,16.374138045613464,0.5217641077331284,129
gan,30125,0.1860467675372941,training,0.34290236693444226,0.13509194382517578,0.03382864658395312,results/dual_path_publication/attacks/target_seed129/attacker_seed30125/gan_training/attack_metrics.json,15.298082487054259,0.4331424254080462,129
gan,10125,0.08442755384202917,inference,0.47502786402889546,0.15655072970606898,0.040023531704521616,results/dual_path_publication/attacks/target_seed129/attacker_seed10125/gan_inference/attack_metrics.json,14.421036577114608,0.39196283987983543,129
gan,20125,0.05762162623357736,inference,0.6013447891482029,0.15639097934690596,0.0403883829770224,results/dual_path_publication/attacks/target_seed129/attacker_seed20125/gan_inference/attack_metrics.json,14.397147069260008,0.415436677881348,129
gan,30125,0.05859666168001452,inference,0.5596377965209115,0.1549642737596378,0.040424730155539566,results/dual_path_publication/attacks/target_seed129/attacker_seed30125/gan_inference/attack_metrics.json,14.444890375408969,0.4298825047399743,129
adaptive,10125,0.3292716542925573,training,0.35761737874818283,0.11925294209516585,0.026580179677198414,results/dual_path_publication/attacks/target_seed129/attacker_seed10125/adaptive_training/attack_metrics.json,16.478614839394705,0.5336409460622867,129
adaptive,10125,0.04413886029872644,inference,0.5849635511109056,0.15176172528109064,0.03681025016849274,results/dual_path_publication/attacks/target_seed129/attacker_seed10125/adaptive_inference/attack_metrics.json,14.76960962308747,0.44012789472972,129
decoder,10125,0.3422781363857201,training,0.3366120910057881,0.11816346264948803,0.026407130687615358,results/dual_path_publication/attacks/target_seed130/attacker_seed10125/decoder_training/attack_metrics.json,16.561555238670223,0.5387696380204579,130
decoder,20125,0.3168047695607233,training,0.35711918896503153,0.11866368957777658,0.02618943500042145,results/dual_path_publication/attacks/target_seed130/attacker_seed20125/decoder_training/attack_metrics.json,16.538279372717223,0.5282202961535601,130
decoder,30125,0.34497742497063927,training,0.33371623331471073,0.11868201200433165,0.02690800150189662,results/dual_path_publication/attacks/target_seed130/attacker_seed30125/decoder_training/attack_metrics.json,16.466552246281477,0.5395556797847433,130
decoder,10125,0.06350705878747435,inference,0.5500929834660978,0.1509457398048266,0.03685157275181536,results/dual_path_publication/attacks/target_seed130/attacker_seed10125/decoder_inference/attack_metrics.json,14.822288178406467,0.44502352860636485,130
decoder,20125,0.05820311354709828,inference,0.5741458273190916,0.1522768591806648,0.037722016041603704,results/dual_path_publication/attacks/target_seed130/attacker_seed20125/decoder_inference/attack_metrics.json,14.743420607498557,0.442190186439614,130
decoder,30125,0.03985913888227949,inference,0.5682250706391485,0.15352832656167303,0.03769540529787036,results/dual_path_publication/attacks/target_seed130/attacker_seed30125/decoder_inference/attack_metrics.json,14.726915836701309,0.440821611670185,130
gan,10125,0.3155116420395326,training,0.33194967033037176,0.12032697414352729,0.027737097390016105,results/dual_path_publication/attacks/target_seed130/attacker_seed10125/gan_training/attack_metrics.json,16.348453194084005,0.5246057406978761,130
gan,20125,0.1310604630777901,training,0.45165084492743174,0.13599529215025472,0.0330344842883634,results/dual_path_publication/attacks/target_seed130/attacker_seed20125/gan_training/attack_metrics.json,15.297673652411333,0.3944203635996371,130
gan,30125,0.274274898941175,training,0.3009055795049906,0.1277337268974542,0.03135555807052783,results/dual_path_publication/attacks/target_seed130/attacker_seed30125/gan_training/attack_metrics.json,15.75732279201509,0.4912286467297358,130
gan,10125,0.06691869320183007,inference,0.6043989667532718,0.15758239387823492,0.04082826029988231,results/dual_path_publication/attacks/target_seed130/attacker_seed10125/gan_inference/attack_metrics.json,14.40615959842908,0.39451999091661555,130
gan,20125,0.039242771976814535,inference,0.591596596051951,0.15756591785128435,0.03954805861627991,results/dual_path_publication/attacks/target_seed130/attacker_seed20125/gan_inference/attack_metrics.json,14.491677041233642,0.4223930999074559,130
gan,30125,0.020009046201067218,inference,0.5923679577928033,0.15678990153370684,0.040113714128572085,results/dual_path_publication/attacks/target_seed130/attacker_seed30125/gan_inference/attack_metrics.json,14.448675212904156,0.42416084060492754,130
adaptive,10125,0.3335382463747793,training,0.3533218841376739,0.11877160165824141,0.02685981451296339,results/dual_path_publication/attacks/target_seed130/attacker_seed10125/adaptive_training/attack_metrics.json,16.47044492352701,0.5347153349410383,130
adaptive,10125,0.08173792723787116,inference,0.5584832735480116,0.15223747147698877,0.03864877016568202,results/dual_path_publication/attacks/target_seed130/attacker_seed10125/adaptive_inference/attack_metrics.json,14.646330448000866,0.4416825703421953,130
