attack,attacker_seed,knowledge,method,mse,path,target_seed
decoder,10125,training,capacity_matched,0.026588575164431198,results/dual_path_supplementary/capacity_matched/attacks/target_seed126/attacker_seed10125/decoder_training/attack_metrics.json,126
decoder,20125,training,capacity_matched,0.026086743452694728,results/dual_path_supplementary/capacity_matched/attacks/target_seed126/attacker_seed20125/decoder_training/attack_metrics.json,126
decoder,30125,training,capacity_matched,0.026947163820541718,results/dual_path_supplementary/capacity_matched/attacks/target_seed126/attacker_seed30125/decoder_training/attack_metrics.json,126
decoder,10125,inference,capacity_matched,0.036009592859445855,results/dual_path_supplementary/capacity_matched/attacks/target_seed126/attacker_seed10125/decoder_inference/attack_metrics.json,126
decoder,20125,inference,capacity_matched,0.03665985007576065,results/dual_path_supplementary/capacity_matched/attacks/target_seed126/attacker_seed20125/decoder_inference/attack_metrics.json,126
decoder,30125,inference,capacity_matched,0.03742675289362554,results/dual_path_supplementary/capacity_matched/attacks/target_seed126/attacker_seed30125/decoder_inference/attack_metrics.json,126
gan,10125,training,capacity_matched,0.034757911164409516,results/dual_path_supplementary/capacity_matched/attacks/target_seed126/attacker_seed10125/gan_training/attack_metrics.json,126
gan,20125,training,capacity_matched,0.031706632205680076,results/dual_path_supplementary/capacity_matched/attacks/target_seed126/attacker_seed20125/gan_training/attack_metrics.json,126
gan,30125,training,capacity_matched,0.029232608717434775,results/dual_path_supplementary/capacity_matched/attacks/target_seed126/attacker_seed30125/gan_training/attack_metrics.json,126
gan,10125,inference,capacity_matched,0.04267192639416232,results/dual_path_supplementary/capacity_matched/attacks/target_seed126/attacker_seed10125/gan_inference/attack_metrics.json,126
gan,20125,inference,capacity_matched,0.03910412175367207,results/dual_path_supplementary/capacity_matched/attacks/target_seed126/attacker_seed20125/gan_inference/attack_metrics.json,126
gan,30125,inference,capacity_matched,0.04001569601092731,results/dual_path_supplementary/capacity_matched/attacks/target_seed126/attacker_seed30125/gan_inference/attack_metrics.json,126
decoder,10125,training,capacity_matched,0.02604297130486453,results/dual_path_supplementary/capacity_matched/attacks/target_seed127/attacker_seed10125/decoder_training/attack_metrics.json,127
decoder,20125,training,capacity_matched,0.026664060631516984,results/dual_path_supplementary/capacity_matched/attacks/target_seed127/attacker_seed20125/decoder_training/attack_metrics.json,127
decoder,30125,training,capacity_matched,0.026542969915968596,results/dual_path_supplementary/capacity_matched/attacks/target_seed127/attacker_seed30125/decoder_training/attack_metrics.json,127
decoder,10125,inference,capacity_matched,0.03542254574946755,results/dual_path_supplementary/capacity_matched/attacks/target_seed127/attacker_seed10125/decoder_inference/attack_metrics.json,127
decoder,20125,inference,capacity_matched,0.035641744377247826,results/dual_path_supplementary/capacity_matched/attacks/target_seed127/attacker_seed20125/decoder_inference/attack_metrics.json,127
decoder,30125,inference,capacity_matched,0.03695869776172946,results/dual_path_supplementary/capacity_matched/attacks/target_seed127/attacker_seed30125/decoder_inference/attack_metrics.json,127
gan,10125,training,capacity_matched,0.033218876502459804,results/dual_path_supplementary/capacity_matched/attacks/target_seed127/attacker_seed10125/gan_training/attack_metrics.json,127
gan,20125,training,capacity_matched,0.03198555961383026,results/dual_path_supplementary/capacity_matched/attacks/target_seed127/attacker_seed20125/gan_training/attack_metrics.json,127
gan,30125,training,capacity_matched,0.030971960561269066,results/dual_path_supplementary/capacity_matched/attacks/target_seed127/attacker_seed30125/gan_training/attack_metrics.json,127
gan,10125,inference,capacity_matched,0.03941081541148033,results/dual_path_supplementary/capacity_matched/attacks/target_seed127/attacker_seed10125/gan_inference/attack_metrics.json,127
gan,20125,inference,capacity_matched,0.039731483444789446,results/dual_path_supplementary/capacity_matched/attacks/target_seed127/attacker_seed20125/gan_inference/attack_metrics.json,127
gan,30125,inference,capacity_matched,0.03918714281042509,results/dual_path_supplementary/capacity_matched/attacks/target_seed127/attacker_seed30125/gan_inference/attack_metrics.json,127
decoder,10125,training,capacity_matched,0.026464573633941214,results/dual_path_supplementary/capacity_matched/attacks/target_seed128/attacker_seed10125/decoder_training/attack_metrics.json,128
decoder,20125,training,capacity_matched,0.026259365983762818,results/dual_path_supplementary/capacity_matched/attacks/target_seed128/attacker_seed20125/decoder_training/attack_metrics.json,128
decoder,30125,training,capacity_matched,0.026792220966672036,results/dual_path_supplementary/capacity_matched/attacks/target_seed128/attacker_seed30125/decoder_training/attack_metrics.json,128
decoder,10125,inference,capacity_matched,0.03585879081391297,results/dual_path_supplementary/capacity_matched/attacks/target_seed128/attacker_seed10125/decoder_inference/attack_metrics.json,128
decoder,20125,inference,capacity_matched,0.03601066399942094,results/dual_path_supplementary/capacity_matched/attacks/target_seed128/attacker_seed20125/decoder_inference/attack_metrics.json,128
decoder,30125,inference,capacity_matched,0.03763669999954423,results/dual_path_supplementary/capacity_matched/attacks/target_seed128/attacker_seed30125/decoder_inference/attack_metrics.json,128
gan,10125,training,capacity_matched,0.030356718383812528,results/dual_path_supplementary/capacity_matched/attacks/target_seed128/attacker_seed10125/gan_training/attack_metrics.json,128
gan,20125,training,capacity_matched,0.02968932991071831,results/dual_path_supplementary/capacity_matched/attacks/target_seed128/attacker_seed20125/gan_training/attack_metrics.json,128
gan,30125,training,capacity_matched,0.03308405544335271,results/dual_path_supplementary/capacity_matched/attacks/target_seed128/attacker_seed30125/gan_training/attack_metrics.json,128
gan,10125,inference,capacity_matched,0.04089882559185307,results/dual_path_supplementary/capacity_matched/attacks/target_seed128/attacker_seed10125/gan_inference/attack_metrics.json,128
gan,20125,inference,capacity_matched,0.04045947980109869,results/dual_path_supplementary/capacity_matched/attacks/target_seed128/attacker_seed20125/gan_inference/attack_metrics.json,128
gan,30125,inference,capacity_matched,0.040262154747285325,results/dual_path_supplementary/capacity_matched/attacks/target_seed128/attacker_seed30125/gan_inference/attack_metrics.json,128
decoder,10125,training,capacity_matched,0.02640026309590118,results/dual_path_supplementary/capacity_matched/attacks/target_seed129/attacker_seed10125/decoder_training/attack_metrics.json,129
decoder,20125,training,capacity_matched,0.026340119722301065,results/dual_path_supplementary/capacity_matched/attacks/target_seed129/attacker_seed20125/decoder_training/attack_metrics.json,129
decoder,30125,training,capacity_matched,0.0268085215376781,results/dual_path_supplementary/capacity_matched/attacks/target_seed129/attacker_seed30125/decoder_training/attack_metrics.json,129
decoder,10125,inference,capacity_matched,0.03658446869178402,results/dual_path_supplementary/capacity_matched/attacks/target_seed129/attacker_seed10125/decoder_inference/attack_metrics.json,129
decoder,20125,inference,capacity_matched,0.03577630128926548,results/dual_path_supplementary/capacity_matched/attacks/target_seed129/attacker_seed20125/decoder_inference/attack_metrics.json,129
decoder,30125,inference,capacity_matched,0.037161226911302525,results/dual_path_supplementary/capacity_matched/attacks/target_seed129/attacker_seed30125/decoder_inference/attack_metrics.json,129
gan,10125,training,capacity_matched,0.028881481857035814,results/dual_path_supplementary/capacity_matched/attacks/target_seed129/attacker_seed10125/gan_training/attack_metrics.json,129
gan,20125,training,capacity_matched,0.029632892740639027,results/dual_path_supplementary/capacity_matched/attacks/target_seed129/attacker_seed20125/gan_training/attack_metrics.json,129
gan,30125,training,capacity_matched,0.03357898161439701,results/dual_path_supplementary/capacity_matched/attacks/target_seed129/attacker_seed30125/gan_training/attack_metrics.json,129
gan,10125,inference,capacity_matched,0.03983382613407455,results/dual_path_supplementary/capacity_matched/attacks/target_seed129/attacker_seed10125/gan_inference/attack_metrics.json,129
gan,20125,inference,capacity_matched,0.0396079018631745,results/dual_path_supplementary/capacity_matched/attacks/target_seed129/attacker_seed20125/gan_inference/attack_metrics.json,129
gan,30125,inference,capacity_matched,0.038635370637748315,results/dual_path_supplementary/capacity_matched/attacks/target_seed129/attacker_seed30125/gan_inference/attack_metrics.json,129
decoder,10125,training,capacity_matched,0.02646137297680542,results/dual_path_supplementary/capacity_matched/attacks/target_seed130/attacker_seed10125/decoder_training/attack_metrics.json,130
decoder,20125,training,capacity_matched,0.026323741236726674,results/dual_path_supplementary/capacity_matched/attacks/target_seed130/attacker_seed20125/decoder_training/attack_metrics.json,130
decoder,30125,training,capacity_matched,0.02698731306927427,results/dual_path_supplementary/capacity_matched/attacks/target_seed130/attacker_seed30125/decoder_training/attack_metrics.json,130
decoder,10125,inference,capacity_matched,0.036780009735906186,results/dual_path_supplementary/capacity_matched/attacks/target_seed130/attacker_seed10125/decoder_inference/attack_metrics.json,130
decoder,20125,inference,capacity_matched,0.03715856888369471,results/dual_path_supplementary/capacity_matched/attacks/target_seed130/attacker_seed20125/decoder_inference/attack_metrics.json,130
decoder,30125,inference,capacity_matched,0.0385308533654569,results/dual_path_supplementary/capacity_matched/attacks/target_seed130/attacker_seed30125/decoder_inference/attack_metrics.json,130
gan,10125,training,capacity_matched,0.028700977304906672,results/dual_path_supplementary/capacity_matched/attacks/target_seed130/attacker_seed10125/gan_training/attack_metrics.json,130
gan,20125,training,capacity_matched,0.031078609912407393,results/dual_path_supplementary/capacity_matched/attacks/target_seed130/attacker_seed20125/gan_training/attack_metrics.json,130
gan,30125,training,capacity_matched,0.030342714367624157,results/dual_path_supplementary/capacity_matched/attacks/target_seed130/attacker_seed30125/gan_training/attack_metrics.json,130
gan,10125,inference,capacity_matched,0.04180541269773699,results/dual_path_supplementary/capacity_matched/attacks/target_seed130/attacker_seed10125/gan_inference/attack_metrics.json,130
gan,20125,inference,capacity_matched,0.04323343096374089,results/dual_path_supplementary/capacity_matched/attacks/target_seed130/attacker_seed20125/gan_inference/attack_metrics.json,130
gan,30125,inference,capacity_matched,0.04038102558890703,results/dual_path_supplementary/capacity_matched/attacks/target_seed130/attacker_seed30125/gan_inference/attack_metrics.json,130
decoder,10125,training,resnet18,0.026128288343840955,results/dual_path_supplementary/resnet18/attacks/target_seed126/attacker_seed10125/decoder_training/attack_metrics.json,126
decoder,20125,training,resnet18,0.02550541339861068,results/dual_path_supplementary/resnet18/attacks/target_seed126/attacker_seed20125/decoder_training/attack_metrics.json,126
decoder,30125,training,resnet18,0.02602511515575205,results/dual_path_supplementary/resnet18/attacks/target_seed126/attacker_seed30125/decoder_training/attack_metrics.json,126
decoder,10125,inference,resnet18,0.03929513266125122,results/dual_path_supplementary/resnet18/attacks/target_seed126/attacker_seed10125/decoder_inference/attack_metrics.json,126
decoder,20125,inference,resnet18,0.038855823945595364,results/dual_path_supplementary/resnet18/attacks/target_seed126/attacker_seed20125/decoder_inference/attack_metrics.json,126
decoder,30125,inference,resnet18,0.03849134268991941,results/dual_path_supplementary/resnet18/attacks/target_seed126/attacker_seed30125/decoder_inference/attack_metrics.json,126
gan,10125,training,resnet18,0.027715721152370504,results/dual_path_supplementary/resnet18/attacks/target_seed126/attacker_seed10125/gan_training/attack_metrics.json,126
gan,20125,training,resnet18,0.03124805448239512,results/dual_path_supplementary/resnet18/attacks/target_seed126/attacker_seed20125/gan_training/attack_metrics.json,126
gan,30125,training,resnet18,0.028966825918617822,results/dual_path_supplementary/resnet18/attacks/target_seed126/attacker_seed30125/gan_training/attack_metrics.json,126
gan,10125,inference,resnet18,0.044659603917662966,results/dual_path_supplementary/resnet18/attacks/target_seed126/attacker_seed10125/gan_inference/attack_metrics.json,126
gan,20125,inference,resnet18,0.04386172724100514,results/dual_path_supplementary/resnet18/attacks/target_seed126/attacker_seed20125/gan_inference/attack_metrics.json,126
gan,30125,inference,resnet18,0.041713476364570366,results/dual_path_supplementary/resnet18/attacks/target_seed126/attacker_seed30125/gan_inference/attack_metrics.json,126
decoder,10125,training,resnet18,0.025762154367601625,results/dual_path_supplementary/resnet18/attacks/target_seed127/attacker_seed10125/decoder_training/attack_metrics.json,127
decoder,20125,training,resnet18,0.02554482167063195,results/dual_path_supplementary/resnet18/attacks/target_seed127/attacker_seed20125/decoder_training/attack_metrics.json,127
decoder,30125,training,resnet18,0.025665101158027694,results/dual_path_supplementary/resnet18/attacks/target_seed127/attacker_seed30125/decoder_training/attack_metrics.json,127
decoder,10125,inference,resnet18,0.03909293718756484,results/dual_path_supplementary/resnet18/attacks/target_seed127/attacker_seed10125/decoder_inference/attack_metrics.json,127
decoder,20125,inference,resnet18,0.03894173612587263,results/dual_path_supplementary/resnet18/attacks/target_seed127/attacker_seed20125/decoder_inference/attack_metrics.json,127
decoder,30125,inference,resnet18,0.038918528582519346,results/dual_path_supplementary/resnet18/attacks/target_seed127/attacker_seed30125/decoder_inference/attack_metrics.json,127
gan,10125,training,resnet18,0.03707721795269454,results/dual_path_supplementary/resnet18/attacks/target_seed127/attacker_seed10125/gan_training/attack_metrics.json,127
gan,20125,training,resnet18,0.03069011606834614,results/dual_path_supplementary/resnet18/attacks/target_seed127/attacker_seed20125/gan_training/attack_metrics.json,127
gan,30125,training,resnet18,0.030344474503554916,results/dual_path_supplementary/resnet18/attacks/target_seed127/attacker_seed30125/gan_training/attack_metrics.json,127
gan,10125,inference,resnet18,0.04583225844914038,results/dual_path_supplementary/resnet18/attacks/target_seed127/attacker_seed10125/gan_inference/attack_metrics.json,127
gan,20125,inference,resnet18,0.04384421164297525,results/dual_path_supplementary/resnet18/attacks/target_seed127/attacker_seed20125/gan_inference/attack_metrics.json,127
gan,30125,inference,resnet18,0.04165700254667897,results/dual_path_supplementary/resnet18/attacks/target_seed127/attacker_seed30125/gan_inference/attack_metrics.json,127
decoder,10125,training,resnet18,0.02592010399049541,results/dual_path_supplementary/resnet18/attacks/target_seed128/attacker_seed10125/decoder_training/attack_metrics.json,128
decoder,20125,training,resnet18,0.02598574446605197,results/dual_path_supplementary/resnet18/attacks/target_seed128/attacker_seed20125/decoder_training/attack_metrics.json,128
decoder,30125,training,resnet18,0.025703712134854423,results/dual_path_supplementary/resnet18/attacks/target_seed128/attacker_seed30125/decoder_training/attack_metrics.json,128
decoder,10125,inference,resnet18,0.037730816421919916,results/dual_path_supplementary/resnet18/attacks/target_seed128/attacker_seed10125/decoder_inference/attack_metrics.json,128
decoder,20125,inference,resnet18,0.036186779894399314,results/dual_path_supplementary/resnet18/attacks/target_seed128/attacker_seed20125/decoder_inference/attack_metrics.json,128
decoder,30125,inference,resnet18,0.039316571245200826,results/dual_path_supplementary/resnet18/attacks/target_seed128/attacker_seed30125/decoder_inference/attack_metrics.json,128
gan,10125,training,resnet18,0.02854541032784538,results/dual_path_supplementary/resnet18/attacks/target_seed128/attacker_seed10125/gan_training/attack_metrics.json,128
gan,20125,training,resnet18,0.02987301550384486,results/dual_path_supplementary/resnet18/attacks/target_seed128/attacker_seed20125/gan_training/attack_metrics.json,128
gan,30125,training,resnet18,0.030632314935000026,results/dual_path_supplementary/resnet18/attacks/target_seed128/attacker_seed30125/gan_training/attack_metrics.json,128
gan,10125,inference,resnet18,0.042246912515007416,results/dual_path_supplementary/resnet18/attacks/target_seed128/attacker_seed10125/gan_inference/attack_metrics.json,128
gan,20125,inference,resnet18,0.04303713410152115,results/dual_path_supplementary/resnet18/attacks/target_seed128/attacker_seed20125/gan_inference/attack_metrics.json,128
gan,30125,inference,resnet18,0.04341947013731642,results/dual_path_supplementary/resnet18/attacks/target_seed128/attacker_seed30125/gan_inference/attack_metrics.json,128
